emotion,accuracy,samples
Happy,91.873869801085,8848
Sad,91.01660222879235,8794
Fear,90.46532846715328,8768
Disgust,88.33842325528786,8841
